target,model,best_feature_set,num_features,test_mae,test_rmse,test_r2
psu_w,Gradient Boosting,Full,28,26.36137248234148,49.44593017980647,0.9090765551788408
psu_w,XGBoost,Full,28,28.0831444977708,46.81938652934586,0.9184796160090357
tdp_w,Gradient Boosting,Full,28,15.86694154147116,26.45660366742081,0.9154707145577893
tdp_w,XGBoost,Full,28,15.555178380716702,24.79671242771394,0.9257447395373432
