{
  "tdp_w__bayesian_ridge": {
    "p33": 30.94130204497424,
    "p67": 31.31477762835825
  },
  "tdp_w__quantile_xgboost": {
    "p33": 7.662685871124268,
    "p67": 17.052228927612305
  },
  "tdp_w__gaussian_process": {
    "p33": 16.911338138427052,
    "p67": 17.832196138328413
  },
  "psu_w__bayesian_ridge": {
    "p33": 56.24135461201424,
    "p67": 56.783196362046056
  },
  "psu_w__quantile_xgboost": {
    "p33": 5.621345043182373,
    "p67": 27.8622989654541
  },
  "psu_w__gaussian_process": {
    "p33": 34.75241547198775,
    "p67": 36.47071425706713
  }
}