method,avg_tdp,avg_psu,avg_ppw,avg_efficiency_regret,avg_overprovisioning,unique_gpus,top1_share,ndcg@5,recall_label3@5
Power_Top5,40.441946538725155,215.8704592186429,0.006412685729521848,0.16585167261260345,9.131759699812477,23,0.7155586017820424,0.75579756865545,1.0
LTR_Utility_Top5,41.40603152844414,220.95541036221914,0.005393061840491895,0.29655363910054466,7.506352240866433,59,0.2892392049348869,0.7884807179245182,1.0
